x,y,rb,rc,result
-0.387942767568,0.0460161792518,1.17216300697,0.776389216971,0
-0.798698093398,0.296232829448,0.741325240203,-1.04618438053,0
-0.983667839628,0.276452043065,-0.316409822311,-0.246298405109,0
-0.578709026983,0.465361783503,-0.676117891942,0.461558951963,0
-0.737397563858,0.262804543247,-1.15120304875,-1.34147460243,0
