x,y,rb,rc,result
-0.775952198013,-0.303131256503,-1.22655840986,-0.0327786091169,0
-0.675930312135,-0.251461065575,0.744080805416,0.261074340689,0
-1.26485495401,-0.0615976694194,1.38539776922,-1.32850229664,0
-0.27429882435,-0.178288241358,-1.4141157236,0.466410289118,0
-0.684697254282,0.00355422628045,0.252926046556,-1.56873254384,0
